;∆t(1);∆t(2);∆t(3);∆t(4);∆t(5);x1(1);x1(2);x1(3);x1(4);x1(5);x2(1);x2(2);x2(3);x2(4);x2(5);x3(1);x3(2);x3(3);x3(4);x3(5);∆t(6);y
0;0;0,82;2,02;2,87;3,81;0,11;3,39;0,17;2,01;4,48;0,72;1,02;1,98;0,35;1,67;2,39;0,09;3,76;0,25;0,61;4,84;5,94
1;0;1,2;2,05;2,99;4,02;3,39;0,17;2,01;4,48;1,7;1,02;1,98;0,35;1,67;3,84;0,09;3,76;0,25;0,61;0,64;5,17;-10,99
2;0;0,85;1,79;2,82;3,97;0,17;2,01;4,48;1,7;3,77;1,98;0,35;1,67;3,84;1,81;3,76;0,25;0,61;0,64;2,42;4,83;-1,39
3;0;0,94;1,97;3,12;3,98;2,01;4,48;1,7;3,77;1,74;0,35;1,67;3,84;1,81;1,36;0,25;0,61;0,64;2,42;1,9;5,06;0,52
4;0;1,03;2,18;3,04;4,12;4,48;1,7;3,77;1,74;4,77;1,67;3,84;1,81;1,36;3,76;0,61;0,64;2,42;1,9;0,74;4,94;-6,16
5;0;1,15;2,01;3,09;3,91;1,7;3,77;1,74;4,77;1,41;3,84;1,81;1,36;3,76;4,17;0,64;2,42;1,9;0,74;1,11;5,02;-15,57
6;0;0,86;1,94;2,76;3,87;3,77;1,74;4,77;1,41;0,14;1,81;1,36;3,76;4,17;1,22;2,42;1,9;0,74;1,11;0,59;5,05;0,85
7;0;1,08;1,9;3,01;4,19;1,74;4,77;1,41;0,14;4,32;1,36;3,76;4,17;1,22;2,23;1,9;0,74;1,11;0,59;0,62;5,04;-2,22
8;0;0,82;1,93;3,11;3,96;4,77;1,41;0,14;4,32;0,25;3,76;4,17;1,22;2,23;1,69;0,74;1,11;0,59;0,62;3,86;4,86;0,52
9;0;1,11;2,29;3,14;4,04;1,41;0,14;4,32;0,25;2,18;4,17;1,22;2,23;1,69;3,22;1,11;0,59;0,62;3,86;4,6;5,01;-7,3
10;0;1,18;2,03;2,93;3,9;0,14;4,32;0,25;2,18;2,7;1,22;2,23;1,69;3,22;1,52;0,59;0,62;3,86;4,6;3,15;5,08;0,64
11;0;0,85;1,75;2,72;3,9;4,32;0,25;2,18;2,7;3,32;2,23;1,69;3,22;1,52;2,45;0,62;3,86;4,6;3,15;3,23;4,88;-1,71
12;0;0,9;1,87;3,05;4,03;0,25;2,18;2,7;3,32;0,1;1,69;3,22;1,52;2,45;2,16;3,86;4,6;3,15;3,23;0,26;4,87;-2,57
13;0;0,97;2,15;3,13;3,97;2,18;2,7;3,32;0,1;1,81;3,22;1,52;2,45;2,16;1,29;4,6;3,15;3,23;0,26;2,76;5,12;1,99
14;0;1,18;2,16;3;4,15;2,7;3,32;0,1;1,81;2,84;1,52;2,45;2,16;1,29;3,11;3,15;3,23;0,26;2,76;0,64;5,2;-8,23
15;0;0,98;1,82;2,97;4,02;3,32;0,1;1,81;2,84;0,55;2,45;2,16;1,29;3,11;2,06;3,23;0,26;2,76;0,64;0,83;4,9;-1,67
16;0;0,84;1,99;3,04;3,92;0,1;1,81;2,84;0,55;3,92;2,16;1,29;3,11;2,06;1,13;0,26;2,76;0,64;0,83;3,58;4,82;1,51
17;0;1,15;2,2;3,08;3,98;1,81;2,84;0,55;3,92;0,24;1,29;3,11;2,06;1,13;2,06;2,76;0,64;0,83;3,58;3,95;5,28;-2,19
18;0;1,05;1,93;2,83;4,13;2,84;0,55;3,92;0,24;4,75;3,11;2,06;1,13;2,06;4,81;0,64;0,83;3,58;3,95;3,47;4,96;-13,25
19;0;0,88;1,78;3,08;3,91;0,55;3,92;0,24;4,75;0,57;2,06;1,13;2,06;4,81;2,92;0,83;3,58;3,95;3,47;3,88;4,88;-6,46
20;0;0,9;2,2;3,03;4;3,92;0,24;4,75;0,57;0,98;1,13;2,06;4,81;2,92;4,54;3,58;3,95;3,47;3,88;1,23;4,95;-17,63
21;0;1,3;2,13;3,1;4,05;0,24;4,75;0,57;0,98;2,9;2,06;4,81;2,92;4,54;1,18;3,95;3,47;3,88;1,23;0,81;4,98;2,41
22;0;0,83;1,8;2,75;3,68;4,75;0,57;0,98;2,9;3,63;4,81;2,92;4,54;1,18;1,25;3,47;3,88;1,23;0,81;0,29;4,91;1,58
23;0;0,97;1,92;2,85;4,08;0,57;0,98;2,9;3,63;4,07;2,92;4,54;1,18;1,25;4,78;3,88;1,23;0,81;0,29;3,93;5,05;-19,94
24;0;0,95;1,88;3,11;4,08;0,98;2,9;3,63;4,07;1,6;4,54;1,18;1,25;4,78;3,81;1,23;0,81;0,29;3,93;4,55;5,1;-11,84
25;0;0,93;2,16;3,13;4,15;2,9;3,63;4,07;1,6;4,89;1,18;1,25;4,78;3,81;0,02;0,81;0,29;3,93;4,55;2,51;4,98;13,29
26;0;1,23;2,2;3,22;4,05;3,63;4,07;1,6;4,89;4,66;1,25;4,78;3,81;0,02;0,19;0,29;3,93;4,55;2,51;0,34;5,14;12,06
27;0;0,97;1,99;2,82;3,91;4,07;1,6;4,89;4,66;1,06;4,78;3,81;0,02;0,19;2,41;3,93;4,55;2,51;0,34;4,36;4,85;-3,76
28;0;1,02;1,85;2,94;3,88;1,6;4,89;4,66;1,06;3,65;3,81;0,02;0,19;2,41;0,86;4,55;2,51;0,34;4,36;2,43;5,03;1,88
29;0;0,83;1,92;2,86;4,01;4,89;4,66;1,06;3,65;0,15;0,02;0,19;2,41;0,86;2,39;2,51;0,34;4,36;2,43;1,49;5,07;-2,18
30;0;1,09;2,03;3,18;4,24;4,66;1,06;3,65;0,15;4,18;0,19;2,41;0,86;2,39;1,4;0,34;4,36;2,43;1,49;0,88;5,02;3,74
31;0;0,94;2,09;3,15;3,93;1,06;3,65;0,15;4,18;3,55;2,41;0,86;2,39;1,4;1,34;4,36;2,43;1,49;0,88;4,21;4,99;3,03
32;0;1,15;2,21;2,99;4,05;3,65;0,15;4,18;3,55;4,67;0,86;2,39;1,4;1,34;4,55;2,43;1,49;0,88;4,21;1,82;4,92;-16,21
33;0;1,06;1,84;2,9;3,77;0,15;4,18;3,55;4,67;0,9;2,39;1,4;1,34;4,55;1,77;1,49;0,88;4,21;1,82;4,96;4,83;-1,45
34;0;0,78;1,84;2,71;3,77;4,18;3,55;4,67;0,9;0,95;1,4;1,34;4,55;1,77;0,61;0,88;4,21;1,82;4,96;1,57;4,82;2,27
35;0;1,06;1,93;2,99;4,04;3,55;4,67;0,9;0,95;2,8;1,34;4,55;1,77;0,61;4,67;4,21;1,82;4,96;1,57;1,32;5,07;-17,13
36;0;0,87;1,93;2,98;4,01;4,67;0,9;0,95;2,8;2,62;4,55;1,77;0,61;4,67;3,76;1,82;4,96;1,57;1,32;4,94;4,94;-10,32
37;0;1,06;2,11;3,14;4,07;0,9;0,95;2,8;2,62;3,29;1,77;0,61;4,67;3,76;0,44;4,96;1,57;1,32;4,94;3,73;5,09;3,47
38;0;1,05;2,08;3,01;4,03;0,95;2,8;2,62;3,29;4,2;0,61;4,67;3,76;0,44;0,56;1,57;1,32;4,94;3,73;4,73;5,02;7,22
39;0;1,03;1,96;2,98;3,97;2,8;2,62;3,29;4,2;0,09;4,67;3,76;0,44;0,56;4,5;1,32;4,94;3,73;4,73;0,87;5,09;-17,73
40;0;0,93;1,95;2,94;4,06;2,62;3,29;4,2;0,09;0,9;3,76;0,44;0,56;4,5;2,99;4,94;3,73;4,73;0,87;2,41;5,07;-6,57
41;0;1,02;2,01;3,13;4,14;3,29;4,2;0,09;0,9;1,79;0,44;0,56;4,5;2,99;3,63;3,73;4,73;0,87;2,41;1,93;5,22;-10,72
42;0;0,99;2,11;3,12;4,2;4,2;0,09;0,9;1,79;1,23;0,56;4,5;2,99;3,63;2,36;4,73;0,87;2,41;1,93;0,87;5,09;-2,23
43;0;1,12;2,13;3,21;4,1;0,09;0,9;1,79;1,23;2,92;4,5;2,99;3,63;2,36;3,98;0,87;2,41;1,93;0,87;1,6;5,23;-12,15
44;0;1,01;2,09;2,98;4,11;0,9;1,79;1,23;2,92;1,41;2,99;3,63;2,36;3,98;0,92;2,41;1,93;0,87;1,6;1,27;5,05;2,26
45;0;1,08;1,97;3,1;4,04;1,79;1,23;2,92;1,41;4,55;3,63;2,36;3,98;0,92;3,53;1,93;0,87;1,6;1,27;2,36;4,99;-7,3
46;0;0,89;2,02;2,96;3,91;1,23;2,92;1,41;4,55;0,99;2,36;3,98;0,92;3,53;4,12;0,87;1,6;1,27;2,36;0,67;4,85;-14,85
47;0;1,13;2,07;3,02;3,96;2,92;1,41;4,55;0,99;1,09;3,98;0,92;3,53;4,12;0,44;1,6;1,27;2,36;0,67;2,96;4,9;3,45
48;0;0,94;1,89;2,83;3,77;1,41;4,55;0,99;1,09;4,48;0,92;3,53;4,12;0,44;3,25;1,27;2,36;0,67;2,96;0,93;4,83;-7,34
49;0;0,95;1,89;2,83;3,89;4,55;0,99;1,09;4,48;4,34;3,53;4,12;0,44;3,25;1,68;2,36;0,67;2,96;0,93;4,44;4,86;4,83
50;0;0,94;1,88;2,94;3,91;0,99;1,09;4,48;4,34;3,64;4,12;0,44;3,25;1,68;4,96;0,67;2,96;0,93;4,44;1,09;4,89;-21,03
51;0;0,94;2;2,97;3,95;1,09;4,48;4,34;3,64;4,14;0,44;3,25;1,68;4,96;2,66;2,96;0,93;4,44;1,09;0,09;5,01;2,24
52;0;1,06;2,03;3,01;4,07;4,48;4,34;3,64;4,14;4,79;3,25;1,68;4,96;2,66;3,54;0,93;4,44;1,09;0,09;1,64;5,21;-6,65
53;0;0,97;1,95;3,01;4,15;4,34;3,64;4,14;4,79;3,04;1,68;4,96;2,66;3,54;2,63;4,44;1,09;0,09;1,64;3,88;5,03;-4,56
54;0;0,98;2,04;3,18;4,06;3,64;4,14;4,79;3,04;1,11;4,96;2,66;3,54;2,63;4,27;1,09;0,09;1,64;3,88;0,87;4,96;-14,64
55;0;1,06;2,2;3,08;3,98;4,14;4,79;3,04;1,11;4,97;2,66;3,54;2,63;4,27;0,1;0,09;1,64;3,88;0,87;3,85;5,2;14,2
56;0;1,14;2,02;2,92;4,14;4,79;3,04;1,11;4,97;3,42;3,54;2,63;4,27;0,1;3,25;1,64;3,88;0,87;3,85;3,95;4,92;-7,87
57;0;0,88;1,78;3;3,78;3,04;1,11;4,97;3,42;4,9;2,63;4,27;0,1;3,25;0,14;3,88;0,87;3,85;3,95;4,56;4,76;13,6
58;0;0,9;2,12;2,9;3,88;1,11;4,97;3,42;4,9;1,79;4,27;0,1;3,25;0,14;1,42;0,87;3,85;3,95;4,56;4,23;4,96;0,81
59;0;1,22;2;2,98;4,06;4,97;3,42;4,9;1,79;3,36;0,1;3,25;0,14;1,42;3,9;3,85;3,95;4,56;4,23;4,85;5;-8,7
60;0;0,78;1,76;2,84;3,78;3,42;4,9;1,79;3,36;4,98;3,25;0,14;1,42;3,9;0,18;3,95;4,56;4,23;4,85;2,63;4,86;14,22
61;0;0,98;2,06;3;4,08;4,9;1,79;3,36;4,98;3,26;0,14;1,42;3,9;0,18;0,32;4,56;4,23;4,85;2,63;1,4;5,14;4,12
62;0;1,08;2,02;3,1;4,16;1,79;3,36;4,98;3,26;1,78;1,42;3,9;0,18;0,32;0,61;4,23;4,85;2,63;1,4;1,77;5,08;2,28
63;0;0,94;2,02;3,08;4;3,36;4,98;3,26;1,78;3,88;3,9;0,18;0,32;0,61;4,48;4,85;2,63;1,4;1,77;3,51;5,06;-15,3
64;0;1,08;2,14;3,06;4,12;4,98;3,26;1,78;3,88;3,86;0,18;0,32;0,61;4,48;2,46;2,63;1,4;1,77;3,51;3,33;4,94;-2,35
65;0;1,06;1,98;3,04;3,86;3,26;1,78;3,88;3,86;3,63;0,32;0,61;4,48;2,46;0,97;1,4;1,77;3,51;3,33;4,32;4,85;4,57
66;0;0,92;1,98;2,8;3,79;1,78;3,88;3,86;3,63;2,53;0,61;4,48;2,46;0,97;1,74;1,77;3,51;3,33;4,32;4,01;5,02;0,83
67;0;1,06;1,88;2,87;4,1;3,88;3,86;3,63;2,53;2,56;4,48;2,46;0,97;1,74;1,58;3,51;3,33;4,32;4,01;4,65;5,14;1,11
68;0;0,82;1,81;3,04;4,08;3,86;3,63;2,53;2,56;4,35;2,46;0,97;1,74;1,58;2,21;3,33;4,32;4,01;4,65;1,36;4,89;2,89
69;0;0,99;2,22;3,26;4,07;3,63;2,53;2,56;4,35;2,2;0,97;1,74;1,58;2,21;2,06;4,32;4,01;4,65;1,36;3,94;5,23;-0,68
70;0;1,23;2,27;3,08;4,24;2,53;2,56;4,35;2,2;2,75;1,74;1,58;2,21;2,06;2,18;4,01;4,65;1,36;3,94;2,83;5,1;-1,87
71;0;1,04;1,85;3,01;3,87;2,56;4,35;2,2;2,75;2,91;1,58;2,21;2,06;2,18;3,95;4,65;1,36;3,94;2,83;2,83;4,83;-11,84
72;0;0,81;1,97;2,83;3,79;4,35;2,2;2,75;2,91;1,9;2,21;2,06;2,18;3,95;4,72;1,36;3,94;2,83;2,83;0,86;4,96;-19,69
73;0;1,16;2,02;2,98;4,15;2,2;2,75;2,91;1,9;4,39;2,06;2,18;3,95;4,72;3,3;3,94;2,83;2,83;0,86;1,69;5,07;-3,8
74;0;0,86;1,82;2,99;3,91;2,75;2,91;1,9;4,39;4,74;2,18;3,95;4,72;3,3;0,4;2,83;2,83;0,86;1,69;3,12;4,8;5,22
75;0;0,96;2,13;3,05;3,94;2,91;1,9;4,39;4,74;3,2;3,95;4,72;3,3;0,4;0,38;2,83;0,86;1,69;3,12;2,43;4,94;2,8
76;0;1,17;2,09;2,98;3,98;1,9;4,39;4,74;3,2;1,44;4,72;3,3;0,4;0,38;3,64;0,86;1,69;3,12;2,43;1,82;4,99;-10,74
77;0;0,92;1,81;2,81;3,82;4,39;4,74;3,2;1,44;3,16;3,3;0,4;0,38;3,64;0,35;1,69;3,12;2,43;1,82;4,83;5,01;4,1
78;0;0,89;1,89;2,9;4,09;4,74;3,2;1,44;3,16;4,58;0,4;0,38;3,64;0,35;3,97;3,12;2,43;1,82;4,83;1,51;5,07;-11,25
79;0;1;2,01;3,2;4,18;3,2;1,44;3,16;4,58;0,43;0,38;3,64;0,35;3,97;2,67;2,43;1,82;4,83;1,51;0,03;4,97;-3,4
80;0;1,01;2,2;3,18;3,97;1,44;3,16;4,58;0,43;3,35;3,64;0,35;3,97;2,67;2,07;1,82;4,83;1,51;0,03;0,92;5,03;-0,29
81;0;1,19;2,17;2,96;4,02;3,16;4,58;0,43;3,35;3,11;0,35;3,97;2,67;2,07;4,76;4,83;1,51;0,03;0,92;4,02;5,17;-21,51
82;0;0,98;1,77;2,83;3,98;4,58;0,43;3,35;3,11;0,25;3,97;2,67;2,07;4,76;3,23;1,51;0,03;0,92;4,02;3,59;4,75;-7,92
83;0;0,79;1,85;3;3,77;0,43;3,35;3,11;0,25;4,93;2,67;2,07;4,76;3,23;3,28;0,03;0,92;4,02;3,59;0,37;5,03;3,87
84;0;1,06;2,21;2,98;4,24;3,35;3,11;0,25;4,93;2,68;2,07;4,76;3,23;3,28;3,38;0,92;4,02;3,59;0,37;3,18;5,18;-6,95
85;0;1,15;1,92;3,18;4,12;3,11;0,25;4,93;2,68;2,55;4,76;3,23;3,28;3,38;3,65;4,02;3,59;0,37;3,18;2,6;4,99;-10,57
86;0;0,77;2,03;2,97;3,84;0,25;4,93;2,68;2,55;2,98;3,23;3,28;3,38;3,65;4,04;3,59;0,37;3,18;2,6;2,82;4,78;-12,32
87;0;1,26;2,2;3,07;4,01;4,93;2,68;2,55;2,98;3,21;3,28;3,38;3,65;4,04;2,41;0,37;3,18;2,6;2,82;4,68;5,2;-2,76
88;0;0,94;1,81;2,75;3,94;2,68;2,55;2,98;3,21;2,97;3,38;3,65;4,04;2,41;4,89;3,18;2,6;2,82;4,68;3,86;4,88;-20,43
89;0;0,87;1,81;3;3,94;2,55;2,98;3,21;2,97;3,91;3,65;4,04;2,41;4,89;1,84;2,6;2,82;4,68;3,86;4,16;4,92;4,27
90;0;0,94;2,13;3,07;4,05;2,98;3,21;2,97;3,91;2,82;4,04;2,41;4,89;1,84;1,24;2,82;4,68;3,86;4,16;1,03;5,14;2,44
91;0;1,19;2,13;3,11;4,2;3,21;2,97;3,91;2,82;3,71;2,41;4,89;1,84;1,24;2,2;4,68;3,86;4,16;1,03;4,22;5,29;0,28
92;0;0,94;1,92;3,01;4,1;2,97;3,91;2,82;3,71;1,77;4,89;1,84;1,24;2,2;4,86;3,86;4,16;1,03;4,22;3,49;5,07;-20,51
93;0;0,98;2,07;3,16;4,13;3,91;2,82;3,71;1,77;1,89;1,84;1,24;2,2;4,86;2,91;4,16;1,03;4,22;3,49;1,7;4,95;-5,39
94;0;1,09;2,18;3,15;3,97;2,82;3,71;1,77;1,89;4,32;1,24;2,2;4,86;2,91;2,74;1,03;4,22;3,49;1,7;1,47;5,04;0,78
95;0;1,09;2,06;2,88;3,95;3,71;1,77;1,89;4,32;3,57;2,2;4,86;2,91;2,74;2,17;4,22;3,49;1,7;1,47;4,92;4,88;-1,57
96;0;0,97;1,79;2,86;3,79;1,77;1,89;4,32;3,57;0,9;4,86;2,91;2,74;2,17;1,79;3,49;1,7;1,47;4,92;3,81;4,9;-0,62
97;0;0,82;1,89;2,82;3,93;1,89;4,32;3,57;0,9;1,94;2,91;2,74;2,17;1,79;4,01;1,7;1,47;4,92;3,81;0,94;4,99;-13,28
98;0;1,07;2;3,11;4,17;4,32;3,57;0,9;1,94;2,44;2,74;2,17;1,79;4,01;0,99;1,47;4,92;3,81;0,94;2,36;5,09;3,35
99;0;0,93;2,04;3,1;4,02;3,57;0,9;1,94;2,44;4,6;2,17;1,79;4,01;0,99;4,98;4,92;3,81;0,94;2,36;2,37;4,9;-19,93
100;0;1,11;2,17;3,09;3,97;0,9;1,94;2,44;4,6;4,78;1,79;4,01;0,99;4,98;1,23;3,81;0,94;2,36;2,37;3,92;4,95;6,15
101;0;1,06;1,98;2,86;3,84;1,94;2,44;4,6;4,78;2,82;4,01;0,99;4,98;1,23;1,31;0,94;2,36;2,37;3,92;0,72;5,08;1,17
102;0;0,92;1,8;2,78;4,02;2,44;4,6;4,78;2,82;2,48;0,99;4,98;1,23;1,31;1,19;2,36;2,37;3,92;0,72;3,55;4,8;2,68
103;0;0,88;1,86;3,1;3,88;4,6;4,78;2,82;2,48;1,67;4,98;1,23;1,31;1,19;1,55;2,37;3,92;0,72;3,55;2,31;4,94;0,62
104;0;0,98;2,22;3;4,06;4,78;2,82;2,48;1,67;1,58;1,23;1,31;1,19;1,55;3,51;3,92;0,72;3,55;2,31;4,56;5,11;-8,67
105;0;1,24;2,02;3,08;4,13;2,82;2,48;1,67;1,58;4,38;1,31;1,19;1,55;3,51;3,42;0,72;3,55;2,31;4,56;1,41;5,21;-5,48
106;0;0,78;1,84;2,89;3,97;2,48;1,67;1,58;4,38;3,75;1,19;1,55;3,51;3,42;4,39;3,55;2,31;4,56;1,41;3,5;4,79;-12,65
107;0;1,06;2,11;3,19;4,01;1,67;1,58;4,38;3,75;4,39;1,55;3,51;3,42;4,39;4,57;2,31;4,56;1,41;3,5;1,6;5,08;-15,52
108;0;1,05;2,13;2,95;4,02;1,58;4,38;3,75;4,39;3,56;3,51;3,42;4,39;4,57;0,52;4,56;1,41;3,5;1,6;3,62;5,18;5,37
109;0;1,08;1,9;2,97;4,13;4,38;3,75;4,39;3,56;3,41;3,42;4,39;4,57;0,52;3,05;1,41;3,5;1,6;3,62;2,67;4,88;-6,04
110;0;0,82;1,89;3,05;3,8;3,75;4,39;3,56;3,41;0,81;4,39;4,57;0,52;3,05;3,03;3,5;1,6;3,62;2,67;0,31;4,85;-7,27
111;0;1,07;2,23;2,98;4,03;4,39;3,56;3,41;0,81;2,11;4,57;0,52;3,05;3,03;3,06;1,6;3,62;2,67;0,31;4,65;5,01;-7,4
112;0;1,16;1,91;2,96;3,94;3,56;3,41;0,81;2,11;0,5;0,52;3,05;3,03;3,06;1,7;3,62;2,67;0,31;4,65;2,16;4,89;-0,68
113;0;0,75;1,8;2,78;3,73;3,41;0,81;2,11;0,5;4,67;3,05;3,03;3,06;1,7;1,76;2,67;0,31;4,65;2,16;4,76;5,03;8,43
114;0;1,05;2,03;2,98;4,28;0,81;2,11;0,5;4,67;1,23;3,03;3,06;1,7;1,76;2,33;0,31;4,65;2,16;4,76;4,36;5,14;-2,12
115;0;0,98;1,93;3,23;4,09;2,11;0,5;4,67;1,23;1,93;3,06;1,7;1,76;2,33;4,74;4,65;2,16;4,76;4,36;2,45;5,07;-18,39
116;0;0,95;2,25;3,11;4,09;0,5;4,67;1,23;1,93;3,98;1,7;1,76;2,33;4,74;0,34;2,16;4,76;4,36;2,45;1,82;5,16;8,16
117;0;1,3;2,16;3,14;4,21;4,67;1,23;1,93;3,98;3,57;1,76;2,33;4,74;0,34;1,23;4,76;4,36;2,45;1,82;0,19;5,07;3,31
118;0;0,86;1,84;2,91;3,77;1,23;1,93;3,98;3,57;1,86;2,33;4,74;0,34;1,23;0,5;4,36;2,45;1,82;0,19;1,25;4,87;3,21
119;0;0,98;2,05;2,91;4,01;1,93;3,98;3,57;1,86;3,39;4,74;0,34;1,23;0,5;0,13;2,45;1,82;0,19;1,25;4,55;5,01;3,44
120;0;1,07;1,93;3,03;4,03;3,98;3,57;1,86;3,39;2,31;0,34;1,23;0,5;0,13;2,93;1,82;0,19;1,25;4,55;4,64;5;-5,63
121;0;0,86;1,96;2,96;3,93;3,57;1,86;3,39;2,31;2,51;1,23;0,5;0,13;2,93;3,39;0,19;1,25;4,55;4,64;0,83;4,92;-6,81
122;0;1,1;2,1;3,07;4,06;1,86;3,39;2,31;2,51;3,81;0,5;0,13;2,93;3,39;4,63;1,25;4,55;4,64;0,83;3,9;5,06;-14,33
123;0;1;1,97;2,96;3,96;3,39;2,31;2,51;3,81;0,51;0,13;2,93;3,39;4,63;4,22;4,55;4,64;0,83;3,9;3,01;4,99;-14,56
124;0;0,97;1,96;2,96;3,99;2,31;2,51;3,81;0,51;4,2;2,93;3,39;4,63;4,22;4,6;4,64;0,83;3,9;3,01;1,24;4,86;-12,87
125;0;0,99;1,99;3,02;3,89;2,51;3,81;0,51;4,2;4,73;3,39;4,63;4,22;4,6;4,31;0,83;3,9;3,01;1,24;1,72;4,88;-9,24
126;0;1;2,03;2,9;3,89;3,81;0,51;4,2;4,73;2,25;4,63;4,22;4,6;4,31;3,12;3,9;3,01;1,24;1,72;0,86;5,08;-6,12
127;0;1,03;1,9;2,89;4,08;0,51;4,2;4,73;2,25;4,52;4,22;4,6;4,31;3,12;1,6;3,01;1,24;1,72;0,86;3,8;5,06;3,17
128;0;0,87;1,86;3,05;4,03;4,2;4,73;2,25;4,52;2,31;4,6;4,31;3,12;1,6;3,96;1,24;1,72;0,86;3,8;3,75;4,87;-12,05
129;0;0,99;2,18;3,16;4;4,73;2,25;4,52;2,31;3,34;4,31;3,12;1,6;3,96;1,31;1,72;0,86;3,8;3,75;1,5;5,08;3,24
130;0;1,19;2,17;3,01;4,09;2,25;4,52;2,31;3,34;4,2;3,12;1,6;3,96;1,31;0,63;0,86;3,8;3,75;1,5;2,33;4,99;6,88
131;0;0,98;1,82;2,9;3,8;4,52;2,31;3,34;4,2;2,39;1,6;3,96;1,31;0,63;2,74;3,8;3,75;1,5;2,33;4,58;4,82;-5,32
132;0;0,84;1,92;2,82;3,84;2,31;3,34;4,2;2,39;2;3,96;1,31;0,63;2,74;4,56;3,75;1,5;2,33;4,58;2,41;5,01;-18,38
133;0;1,08;1,98;3;4,17;3,34;4,2;2,39;2;0,49;1,31;0,63;2,74;4,56;2,75;1,5;2,33;4,58;2,41;3,82;5;-4,32
134;0;0,9;1,92;3,09;3,92;4,2;2,39;2;0,49;1,18;0,63;2,74;4,56;2,75;0,35;2,33;4,58;2,41;3,82;1,47;4,99;1,79
135;0;1,02;2,19;3,02;4,09;2,39;2;0,49;1,18;2,78;2,74;4,56;2,75;0,35;1,28;4,58;2,41;3,82;1,47;1,11;5,04;1,75
136;0;1,17;2;3,07;4,02;2;0,49;1,18;2,78;0,82;4,56;2,75;0,35;1,28;3,57;2,41;3,82;1,47;1,11;2,27;5,02;-10,31
137;0;0,83;1,9;2,85;3,85;0,49;1,18;2,78;0,82;0,01;2,75;0,35;1,28;3,57;3,07;3,82;1,47;1,11;2,27;4,22;5;-7,35
138;0;1,07;2,02;3,02;4,17;1,18;2,78;0,82;0,01;4,49;0,35;1,28;3,57;3,07;2,74;1,47;1,11;2,27;4,22;4,73;5,04;-0,76
139;0;0,95;1,95;3,1;3,97;2,78;0,82;0,01;4,49;1,63;1,28;3,57;3,07;2,74;2,4;1,11;2,27;4,22;4,73;4,74;5,05;-2,58
140;0;1;2,15;3,02;4,1;0,82;0,01;4,49;1,63;3,91;3,57;3,07;2,74;2,4;3,68;2,27;4,22;4,73;4,74;1,8;5,19;-5,5
141;0;1,15;2,02;3,1;4,19;0,01;4,49;1,63;3,91;4,69;3,07;2,74;2,4;3,68;2,96;4,22;4,73;4,74;1,8;2,3;5,23;3,04
142;0;0,87;1,95;3,04;4,08;4,49;1,63;3,91;4,69;2,13;2,74;2,4;3,68;2,96;2,77;4,73;4,74;1,8;2,3;3,28;5;-4,37
143;0;1,08;2,17;3,21;4,13;1,63;3,91;4,69;2,13;4,49;2,4;3,68;2,96;2,77;1,07;4,74;1,8;2,3;3,28;1,49;5,04;6,02
144;0;1,09;2,13;3,05;3,96;3,91;4,69;2,13;4,49;1,68;3,68;2,96;2,77;1,07;2,27;1,8;2,3;3,28;1,49;4,33;5,08;-3,2
145;0;1,04;1,96;2,87;3,99;4,69;2,13;4,49;1,68;1,91;2,96;2,77;1,07;2,27;3,42;2,3;3,28;1,49;4,33;3,22;4,84;-9,78
146;0;0,92;1,83;2,95;3,8;2,13;4,49;1,68;1,91;3,27;2,77;1,07;2,27;3,42;4,24;3,28;1,49;4,33;3,22;2,86;5,02;-12,59
147;0;0,91;2,03;2,88;4,1;4,49;1,68;1,91;3,27;1,64;1,07;2,27;3,42;4,24;0,67;1,49;4,33;3,22;2,86;1,67;4,99;2,43
148;0;1,12;1,97;3,19;4,08;1,68;1,91;3,27;1,64;0,13;2,27;3,42;4,24;0,67;4,57;4,33;3,22;2,86;1,67;4,81;4,99;-18,81
149;0;0,85;2,07;2,96;3,87;1,91;3,27;1,64;0,13;2,33;3,42;4,24;0,67;4,57;2,53;3,22;2,86;1,67;4,81;2,52;4,98;-3,89
150;0;1,22;2,11;3,02;4,13;3,27;1,64;0,13;2,33;1,13;4,24;0,67;4,57;2,53;4,84;2,86;1,67;4,81;2,52;2,1;5,08;-20,33
151;0;0,89;1,8;2,91;3,86;1,64;0,13;2,33;1,13;3,13;0,67;4,57;2,53;4,84;4,38;1,67;4,81;2,52;2,1;0,91;4,85;-15,33
152;0;0,91;2,02;2,97;3,96;0,13;2,33;1,13;3,13;2,71;4,57;2,53;4,84;4,38;0,32;4,81;2,52;2,1;0,91;0,58;4,93;2,74
153;0;1,11;2,06;3,05;4,02;2,33;1,13;3,13;2,71;2,67;2,53;4,84;4,38;0,32;1,18;2,52;2,1;0,91;0,58;3,4;4,83;1,1
154;0;0,95;1,94;2,91;3,72;1,13;3,13;2,71;2,67;4,95;4,84;4,38;0,32;1,18;4,35;2,1;0,91;0,58;3,4;3,21;4,83;-14,73
155;0;0,99;1,96;2,77;3,88;3,13;2,71;2,67;4,95;4,11;4,38;0,32;1,18;4,35;4,72;0,91;0,58;3,4;3,21;4,65;4,84;-15,89
156;0;0,97;1,78;2,89;3,85;2,71;2,67;4,95;4,11;3,02;0,32;1,18;4,35;4,72;0,45;0,58;3,4;3,21;4,65;0,47;4,93;2,65
157;0;0,81;1,92;2,88;3,96;2,67;4,95;4,11;3,02;0,7;1,18;4,35;4,72;0,45;3,09;3,4;3,21;4,65;0,47;2,14;4,89;-7,49
158;0;1,11;2,07;3,15;4,08;4,95;4,11;3,02;0,7;4,32;4,35;4,72;0,45;3,09;2,42;3,21;4,65;0,47;2,14;2,19;5,22;-3,06
159;0;0,96;2,04;2,97;4,11;4,11;3,02;0,7;4,32;0,58;4,72;0,45;3,09;2,42;1,65;4,65;0,47;2,14;2,19;3,71;5,13;-0,11
160;0;1,08;2,01;3,15;4,17;3,02;0,7;4,32;0,58;1,5;0,45;3,09;2,42;1,65;2,6;0,47;2,14;2,19;3,71;4,23;5,13;-3,12
161;0;0,93;2,07;3,09;4,05;0,7;4,32;0,58;1,5;2,72;3,09;2,42;1,65;2,6;3,46;2,14;2,19;3,71;4,23;4,43;4,99;-7,75
162;0;1,14;2,16;3,12;4,06;4,32;0,58;1,5;2,72;1,27;2,42;1,65;2,6;3,46;3,61;2,19;3,71;4,23;4,43;1,38;5,26;-9,91
163;0;1,02;1,98;2,92;4,12;0,58;1,5;2,72;1,27;3,71;1,65;2,6;3,46;3,61;4,13;3,71;4,23;4,43;1,38;4,69;4,95;-9,89
164;0;0,96;1,9;3,1;3,93;1,5;2,72;1,27;3,71;3,39;2,6;3,46;3,61;4,13;0,51;4,23;4,43;1,38;4,69;1,01;5,05;2,63
165;0;0,94;2,14;2,97;4,09;2,72;1,27;3,71;3,39;4,75;3,46;3,61;4,13;0,51;4,43;4,43;1,38;4,69;1,01;1,72;5,06;-6,77
166;0;1,2;2,03;3,15;4,12;1,27;3,71;3,39;4,75;2,44;3,61;4,13;0,51;4,43;1,94;1,38;4,69;1,01;1,72;2,81;5,03;-0,52
167;0;0,83;1,95;2,92;3,83;3,71;3,39;4,75;2,44;0,75;4,13;0,51;4,43;1,94;4,07;4,69;1,01;1,72;2,81;4,69;4,96;-14,03
168;0;1,12;2,09;3;4,13;3,39;4,75;2,44;0,75;4,12;0,51;4,43;1,94;4,07;2,6;1,01;1,72;2,81;4,69;3,55;5,17;-0,69
169;0;0,97;1,88;3,01;4,05;4,75;2,44;0,75;4,12;3,23;4,43;1,94;4,07;2,6;3,64;1,72;2,81;4,69;3,55;1,59;4,94;-8,72
170;0;0,91;2,04;3,08;3,97;2,44;0,75;4,12;3,23;1,69;1,94;4,07;2,6;3,64;1,84;2,81;4,69;3,55;1,59;1,76;4,95;-1,11
171;0;1,13;2,17;3,06;4,04;0,75;4,12;3,23;1,69;3,64;4,07;2,6;3,64;1,84;2,5;4,69;3,55;1,59;1,76;4,29;5,1;-2,1
172;0;1,04;1,93;2,91;3,97;4,12;3,23;1,69;3,64;3,7;2,6;3,64;1,84;2,5;1,92;3,55;1,59;1,76;4,29;2,73;4,92;-0,28
173;0;0,89;1,87;2,93;3,88;3,23;1,69;3,64;3,7;0,6;3,64;1,84;2,5;1,92;0,3;1,59;1,76;4,29;2,73;0,82;4,72;2,08
174;0;0,98;2,04;2,99;3,83;1,69;3,64;3,7;0,6;2,12;1,84;2,5;1,92;0,3;0,36;1,76;4,29;2,73;0,82;0,74;4,89;1,66
175;0;1,06;2,01;2,85;3,91;3,64;3,7;0,6;2,12;0,55;2,5;1,92;0,3;0,36;4,94;4,29;2,73;0,82;0,74;2,26;4,95;-22,84
176;0;0,95;1,79;2,85;3,89;3,7;0,6;2,12;0,55;0,92;1,92;0,3;0,36;4,94;0,47;2,73;0,82;0,74;2,26;4,58;4,86;2,77
177;0;0,84;1,9;2,94;3,91;0,6;2,12;0,55;0,92;2,77;0,3;0,36;4,94;0,47;0,96;0,82;0,74;2,26;4,58;3,92;5,11;3,12
178;0;1,06;2,1;3,07;4,27;2,12;0,55;0,92;2,77;4,59;0,36;4,94;0,47;0,96;0,01;0,74;2,26;4,58;3,92;3,24;5,19;11,95
179;0;1,04;2,01;3,21;4,13;0,55;0,92;2,77;4,59;2,68;4,94;0,47;0,96;0,01;3,45;2,26;4,58;3,92;3,24;4,69;5,14;-7,38
180;0;0,97;2,17;3,09;4,1;0,92;2,77;4,59;2,68;2,68;0,47;0,96;0,01;3,45;3,26;4,58;3,92;3,24;4,69;0,11;4,9;-7,44
181;0;1,2;2,12;3,13;3,93;2,77;4,59;2,68;2,68;2,34;0,96;0,01;3,45;3,26;4,69;3,92;3,24;4,69;0,11;1,96;4,97;-19,73
182;0;0,92;1,93;2,73;3,77;4,59;2,68;2,68;2,34;0,07;0,01;3,45;3,26;4,69;2,67;3,24;4,69;0,11;1,96;2,09;5,02;-4,34
183;0;1,01;1,81;2,85;4,1;2,68;2,68;2,34;0,07;1,06;3,45;3,26;4,69;2,67;0,68;4,69;0,11;1,96;2,09;3,34;4,98;2,36
184;0;0,8;1,84;3,09;3,97;2,68;2,34;0,07;1,06;3,31;3,26;4,69;2,67;0,68;2,41;0,11;1,96;2,09;3,34;0,89;4,92;-2,48
185;0;1,04;2,29;3,17;4,12;2,34;0,07;1,06;3,31;4,37;4,69;2,67;0,68;2,41;2,69;1,96;2,09;3,34;0,89;1,4;5,08;0,89
186;0;1,25;2,13;3,08;4,04;0,07;1,06;3,31;4,37;4,93;2,67;0,68;2,41;2,69;3,78;2,09;3,34;0,89;1,4;2,24;5,05;-8,65
187;0;0,88;1,83;2,79;3,8;1,06;3,31;4,37;4,93;1,53;0,68;2,41;2,69;3,78;2,45;3,34;0,89;1,4;2,24;0,39;4,94;-3,92
188;0;0,95;1,91;2,92;4,06;3,31;4,37;4,93;1,53;0,7;2,41;2,69;3,78;2,45;3,93;0,89;1,4;2,24;0,39;0,86;4,91;-13,54
189;0;0,96;1,97;3,11;3,96;4,37;4,93;1,53;0,7;3;2,69;3,78;2,45;3,93;2,2;1,4;2,24;0,39;0,86;2,98;4,91;-1,59
190;0;1,01;2,15;3;3,95;4,93;1,53;0,7;3;2,32;3,78;2,45;3,93;2,2;2,32;2,24;0,39;0,86;2,98;2,48;5,23;-3,4
191;0;1,14;1,99;2,94;4,22;1,53;0,7;3;2,32;1,58;2,45;3,93;2,2;2,32;0,67;0,39;0,86;2,98;2,48;2,18;4,87;2,12
192;0;0,85;1,8;3,08;3,73;0,7;3;2,32;1,58;0,92;3,93;2,2;2,32;0,67;3,01;0,86;2,98;2,48;2,18;4,51;4,91;-6,54
193;0;0,95;2,23;2,88;4,06;3;2,32;1,58;0,92;3,58;2,2;2,32;0,67;3,01;4,8;2,98;2,48;2,18;4,51;3,67;5,03;-18,48
194;0;1,28;1,93;3,11;4,08;2,32;1,58;0,92;3,58;0,73;2,32;0,67;3,01;4,8;2,27;2,48;2,18;4,51;3,67;1,58;5,14;-3,16
195;0;0,65;1,83;2,8;3,86;1,58;0,92;3,58;0,73;3,29;0,67;3,01;4,8;2,27;3,97;2,18;4,51;3,67;1,58;2,82;4,74;-12,34
196;0;1,18;2,15;3,21;4,09;0,92;3,58;0,73;3,29;1,94;3,01;4,8;2,27;3,97;3,53;4,51;3,67;1,58;2,82;4,09;5,15;-11,14
197;0;0,97;2,03;2,91;3,97;3,58;0,73;3,29;1,94;0,05;4,8;2,27;3,97;3,53;3,9;3,67;1,58;2,82;4,09;4,51;4,97;-12,19
198;0;1,06;1,94;3;4;0,73;3,29;1,94;0,05;3,21;2,27;3,97;3,53;3,9;1,99;1,58;2,82;4,09;4,51;1,35;5,09;1,72
199;0;0,88;1,94;2,94;4,03;3,29;1,94;0,05;3,21;4,77;3,97;3,53;3,9;1,99;0,27;2,82;4,09;4,51;1,35;2,82;5,04;13,47
200;0;1,06;2,06;3,15;4,16;1,94;0,05;3,21;4,77;1,15;3,53;3,9;1,99;0,27;4,5;4,09;4,51;1,35;2,82;3,19;5,08;-18,34
201;0;1;2,09;3,1;4,02;0,05;3,21;4,77;1,15;2,04;3,9;1,99;0,27;4,5;0,68;4,51;1,35;2,82;3,19;0,75;5,15;1,38
202;0;1,09;2,1;3,02;4,15;3,21;4,77;1,15;2,04;0,98;1,99;0,27;4,5;0,68;2,99;1,35;2,82;3,19;0,75;4,01;5,02;-7,06
203;0;1,01;1,93;3,06;3,93;4,77;1,15;2,04;0,98;0,06;0,27;4,5;0,68;2,99;4,56;2,82;3,19;0,75;4,01;2,77;5,01;-18,37
204;0;0,92;2,05;2,92;4;1,15;2,04;0,98;0,06;4,64;4,5;0,68;2,99;4,56;1,26;3,19;0,75;4,01;2,77;3,43;4,85;8,01
205;0;1,13;2;3,08;3,93;2,04;0,98;0,06;4,64;0,98;0,68;2,99;4,56;1,26;1,56;0,75;4,01;2,77;3,43;4,37;4,85;0,02
206;0;0,87;1,95;2,8;3,72;0,98;0,06;4,64;0,98;2,22;2,99;4,56;1,26;1,56;2,14;4,01;2,77;3,43;4,37;1,77;4,93;-2,53
207;0;1,08;1,93;2,85;4,06;0,06;4,64;0,98;2,22;0,76;4,56;1,26;1,56;2,14;1,83;2,77;3,43;4,37;1,77;4,75;4,98;-1,71
208;0;0,85;1,77;2,98;3,9;4,64;0,98;2,22;0,76;0,06;1,26;1,56;2,14;1,83;3,56;3,43;4,37;1,77;4,75;3;4,92;-11,46
209;0;0,92;2,13;3,05;4,07;0,98;2,22;0,76;0,06;0,99;1,56;2,14;1,83;3,56;3,08;4,37;1,77;4,75;3;0,77;5,07;-7,28
210;0;1,21;2,13;3,15;4,15;2,22;0,76;0,06;0,99;4,18;2,14;1,83;3,56;3,08;2,56;1,77;4,75;3;0,77;1,14;5,14;-0,75
211;0;0,92;1,94;2,94;3,93;0,76;0,06;0,99;4,18;3,86;1,83;3,56;3,08;2,56;4,9;4,75;3;0,77;1,14;3,96;4,83;-19,44
212;0;1,02;2,02;3,01;3,91;0,06;0,99;4,18;3,86;4,41;3,56;3,08;2,56;4,9;0,59;3;0,77;1,14;3,96;0,27;4,91;2,86
213;0;1;1,99;2,89;3,89;0,99;4,18;3,86;4,41;1,41;3,08;2,56;4,9;0,59;0,95;0,77;1,14;3,96;0,27;1,92;5,11;2,12
214;0;0,99;1,89;2,89;4,11;4,18;3,86;4,41;1,41;4;2,56;4,9;0,59;0,95;4,87;1,14;3,96;0,27;1,92;3,78;5,07;-20,89
215;0;0,9;1,9;3,12;4,08;3,86;4,41;1,41;4;3,93;4,9;0,59;0,95;4,87;0,82;3,96;0,27;1,92;3,78;4,99;5,07;4,67
216;0;1;2,22;3,18;4,17;4,41;1,41;4;3,93;2,83;0,59;0,95;4,87;0,82;1,15;0,27;1,92;3,78;4,99;1,5;4,99;2,46
217;0;1,22;2,18;3,17;3,99;1,41;4;3,93;2,83;4,82;0,95;4,87;0,82;1,15;1,3;1,92;3,78;4,99;1,5;3,01;5,02;11,83
218;0;0,96;1,95;2,77;3,8;4;3,93;2,83;4,82;0,46;4,87;0,82;1,15;1,3;4,51;3,78;4,99;1,5;3,01;3,63;4,97;-17,78
219;0;0,99;1,81;2,84;4,01;3,93;2,83;4,82;0,46;0,37;0,82;1,15;1,3;4,51;1,02;4,99;1,5;3,01;3,63;1,17;4,85;2,15
220;0;0,82;1,85;3,02;3,86;2,83;4,82;0,46;0,37;1,72;1,15;1,3;4,51;1,02;1,15;1,5;3,01;3,63;1,17;4,61;5,04;1,78
221;0;1,03;2,2;3,04;4,22;4,82;0,46;0,37;1,72;3,62;1,3;4,51;1,02;1,15;0,92;3,01;3,63;1,17;4,61;1,17;5,17;2,5
222;0;1,17;2,01;3,19;4,14;0,46;0,37;1,72;3,62;0,84;4,51;1,02;1,15;0,92;4,27;3,63;1,17;4,61;1,17;1,35;5,04;-14,47
223;0;0,84;2,02;2,97;3,87;0,37;1,72;3,62;0,84;4,28;1,02;1,15;0,92;4,27;4,32;1,17;4,61;1,17;1,35;1,51;4,95;-13,97
224;0;1,18;2,13;3,03;4,11;1,72;3,62;0,84;4,28;1,16;1,15;0,92;4,27;4,32;4,22;4,61;1,17;1,35;1,51;1,34;5,22;-15,66
225;0;0,95;1,85;2,93;4,04;3,62;0,84;4,28;1,16;0,53;0,92;4,27;4,32;4,22;4,93;1,17;1,35;1,51;1,34;0,36;4,96;-22,56
226;0;0,9;1,98;3,09;4,01;0,84;4,28;1,16;0,53;1,15;4,27;4,32;4,22;4,93;2,88;1,35;1,51;1,34;0,36;1,32;4,99;-6,47
227;0;1,08;2,19;3,11;4,09;4,28;1,16;0,53;1,15;2,74;4,32;4,22;4,93;2,88;3,54;1,51;1,34;0,36;1,32;3,29;4,96;-10,31
228;0;1,11;2,03;3,01;3,88;1,16;0,53;1,15;2,74;0,52;4,22;4,93;2,88;3,54;4,84;1,34;0,36;1,32;3,29;1,19;5,08;-20,76
229;0;0,92;1,9;2,77;3,97;0,53;1,15;2,74;0,52;0,22;4,93;2,88;3,54;4,84;4,56;0,36;1,32;3,29;1,19;1,17;4,84;-19,01
230;0;0,98;1,85;3,05;3,92;1,15;2,74;0,52;0,22;0,62;2,88;3,54;4,84;4,56;3,3;1,32;3,29;1,19;1,17;4,28;5,03;-8,89
231;0;0,87;2,07;2,94;4,05;2,74;0,52;0,22;0,62;3,73;3,54;4,84;4,56;3,3;2,82;3,29;1,19;1,17;4,28;3,03;5,04;-4,08
232;0;1,2;2,07;3,18;4,17;0,52;0,22;0,62;3,73;0,56;4,84;4,56;3,3;2,82;3,87;1,19;1,17;4,28;3,03;0,08;5,08;-11,67
233;0;0,87;1,98;2,97;3,88;0,22;0,62;3,73;0,56;3,64;4,56;3,3;2,82;3,87;2,35;1,17;4,28;3,03;0,08;3,19;5;-1,56
234;0;1,11;2,1;3,01;4,13;0,62;3,73;0,56;3,64;2,23;3,3;2,82;3,87;2,35;1,28;4,28;3,03;0,08;3,19;0,51;5;1,53
235;0;0,99;1,9;3,02;3,89;3,73;0,56;3,64;2,23;3,51;2,82;3,87;2,35;1,28;0,76;3,03;0,08;3,19;0,51;1,65;4,93;3,59
236;0;0,91;2,03;2,9;3,94;0,56;3,64;2,23;3,51;2,45;3,87;2,35;1,28;0,76;1,38;0,08;3,19;0,51;1,65;0,85;5,01;0,74
237;0;1,12;1,99;3,03;4,1;3,64;2,23;3,51;2,45;1,71;2,35;1,28;0,76;1,38;2,23;3,19;0,51;1,65;0,85;4,33;5,15;-3,32
238;0;0,87;1,91;2,98;4,03;2,23;3,51;2,45;1,71;0,75;1,28;0,76;1,38;2,23;3,15;0,51;1,65;0,85;4,33;2,03;4,86;-6,73
239;0;1,04;2,11;3,16;3,99;3,51;2,45;1,71;0,75;3,54;0,76;1,38;2,23;3,15;0,08;1,65;0,85;4,33;2,03;2,64;5,12;5,43
240;0;1,07;2,12;2,95;4,08;2,45;1,71;0,75;3,54;4,99;1,38;2,23;3,15;0,08;0,14;0,85;4,33;2,03;2,64;0,05;4,98;9,11
241;0;1,05;1,88;3,01;3,91;1,71;0,75;3,54;4,99;3,19;2,23;3,15;0,08;0,14;2,13;4,33;2,03;2,64;0,05;4,21;5,05;-1,01
242;0;0,83;1,96;2,86;4;0,75;3,54;4,99;3,19;0,31;3,15;0,08;0,14;2,13;3,95;2,03;2,64;0,05;4,21;2,27;4,77;-12,29
243;0;1,13;2,03;3,17;3,94;3,54;4,99;3,19;0,31;2,45;0,08;0,14;2,13;3,95;2,55;2,64;0,05;4,21;2,27;4,36;4,99;-2,67
244;0;0,9;2,04;2,81;3,86;4,99;3,19;0,31;2,45;4,07;0,14;2,13;3,95;2,55;0,17;0,05;4,21;2,27;4,36;4,8;4,91;5,51
245;0;1,14;1,91;2,96;4,01;3,19;0,31;2,45;4,07;2,83;2,13;3,95;2,55;0,17;2,38;4,21;2,27;4,36;4,8;1,7;4,94;-2,23
246;0;0,77;1,82;2,87;3,8;0,31;2,45;4,07;2,83;2,97;3,95;2,55;0,17;2,38;4,69;2,27;4,36;4,8;1,7;2,52;4,89;-18,16
247;0;1,05;2,1;3,03;4,12;2,45;4,07;2,83;2,97;3,96;2,55;0,17;2,38;4,69;0,16;4,36;4,8;1,7;2,52;0,74;5,18;3,5
248;0;1,05;1,98;3,07;4,13;4,07;2,83;2,97;3,96;1,26;0,17;2,38;4,69;0,16;0,68;4,8;1,7;2,52;0,74;4,96;5,07;2,03
249;0;0,93;2,02;3,08;4,02;2,83;2,97;3,96;1,26;1,56;2,38;4,69;0,16;0,68;1,37;1,7;2,52;0,74;4,96;4,38;5,06;0,74
250;0;1,09;2,15;3,09;4,13;2,97;3,96;1,26;1,56;3,53;4,69;0,16;0,68;1,37;1,27;2,52;0,74;4,96;4,38;0,28;5,04;5,25
251;0;1,06;2;3,04;3,95;3,96;1,26;1,56;3,53;4,03;0,16;0,68;1,37;1,27;4,33;0,74;4,96;4,38;0,28;3,54;5,14;-11,71
252;0;0,94;1,98;2,89;4,08;1,26;1,56;3,53;4,03;4,4;0,68;1,37;1,27;4,33;2,17;4,96;4,38;0,28;3,54;2,23;4,95;-1,66
253;0;1,04;1,95;3,14;4,01;1,56;3,53;4,03;4,4;3,61;1,37;1,27;4,33;2,17;3,55;4,38;0,28;3,54;2,23;4,88;4,93;-6,96
254;0;0,91;2,1;2,97;3,89;3,53;4,03;4,4;3,61;4,22;1,27;4,33;2,17;3,55;1,82;0,28;3,54;2,23;4,88;4,25;4,99;3,53
255;0;1,19;2,06;2,98;4,08;4,03;4,4;3,61;4,22;4,32;4,33;2,17;3,55;1,82;1,82;3,54;2,23;4,88;4,25;0,07;5,07;7,79
256;0;0,87;1,79;2,89;3,88;4,4;3,61;4,22;4,32;4,27;2,17;3,55;1,82;1,82;4,58;2,23;4,88;4,25;0,07;3,87;4,77;-11,17
257;0;0,92;2,02;3,01;3,9;3,61;4,22;4,32;4,27;4;3,55;1,82;1,82;4,58;4,37;4,88;4,25;0,07;3,87;3,05;4,87;-16,99
258;0;1,1;2,09;2,98;3,95;4,22;4,32;4,27;4;1,75;1,82;1,82;4,58;4,37;0,66;4,25;0,07;3,87;3,05;2,03;5,18;2,88
259;0;0,99;1,88;2,85;4,08;4,32;4,27;4;1,75;3,68;1,82;4,58;4,37;0,66;3,62;0,07;3,87;3,05;2,03;0,01;4,79;-9,27
260;0;0,89;1,86;3,09;3,8;4,27;4;1,75;3,68;1,28;4,58;4,37;0,66;3,62;4,75;3,87;3,05;2,03;0,01;3,6;4,8;-20,03
261;0;0,97;2,2;2,91;3,91;4;1,75;3,68;1,28;2,09;4,37;0,66;3,62;4,75;0,81;3,05;2,03;0,01;3,6;0,83;5,03;1,24
262;0;1,23;1,94;2,94;4,06;1,75;3,68;1,28;2,09;4,47;0,66;3,62;4,75;0,81;1,11;2,03;0,01;3,6;0,83;0,58;5,08;7,32
263;0;0,71;1,71;2,83;3,85;3,68;1,28;2,09;4,47;3,93;3,62;4,75;0,81;1,11;2,34;0,01;3,6;0,83;0,58;4,83;4,92;-2,09
264;0;1;2,12;3,14;4,21;1,28;2,09;4,47;3,93;3,21;4,75;0,81;1,11;2,34;1,79;3,6;0,83;0,58;4,83;0,37;5,08;-0,98
265;0;1,12;2,14;3,21;4,08;2,09;4,47;3,93;3,21;0,87;0,81;1,11;2,34;1,79;3,23;0,83;0,58;4,83;0,37;2,85;5,09;-7,64
266;0;1,02;2,09;2,96;3,97;4,47;3,93;3,21;0,87;4,4;1,11;2,34;1,79;3,23;4,55;0,58;4,83;0,37;2,85;4,2;5,11;-19,02
267;0;1,07;1,94;2,95;4,09;3,93;3,21;0,87;4,4;0,69;2,34;1,79;3,23;4,55;2,72;4,83;0,37;2,85;4,2;0,71;5,07;-4,71
268;0;0,87;1,88;3,02;4;3,21;0,87;4,4;0,69;2,27;1,79;3,23;4,55;2,72;3,27;0,37;2,85;4,2;0,71;2,58;4,95;-7,71
269;0;1,01;2,15;3,13;4,08;0,87;4,4;0,69;2,27;1,86;3,23;4,55;2,72;3,27;0,5;2,85;4,2;0,71;2,58;0,9;4,94;2,29
270;0;1,14;2,12;3,07;3,93;4,4;0,69;2,27;1,86;3,84;4,55;2,72;3,27;0,5;3,11;4,2;0,71;2,58;0,9;2,24;4,96;-3,7
271;0;0,98;1,93;2,79;3,82;0,69;2,27;1,86;3,84;4,33;2,72;3,27;0,5;3,11;2,51;0,71;2,58;0,9;2,24;3,6;5,03;-2,19
272;0;0,95;1,81;2,84;4,05;2,27;1,86;3,84;4,33;0,28;3,27;0,5;3,11;2,51;1,15;2,58;0,9;2,24;3,6;4,64;4,93;0,41
273;0;0,86;1,89;3,1;3,98;1,86;3,84;4,33;0,28;2,24;0,5;3,11;2,51;1,15;2,67;0,9;2,24;3,6;4,64;1,02;5,13;-4,04
274;0;1,03;2,24;3,12;4,27;3,84;4,33;0,28;2,24;2,17;3,11;2,51;1,15;2,67;2,51;2,24;3,6;4,64;1,02;2,66;5,11;-2,07
275;0;1,21;2,09;3,24;4,08;4,33;0,28;2,24;2,17;3,45;2,51;1,15;2,67;2,51;2,93;3,6;4,64;1,02;2,66;0,46;4,97;-5,39
276;0;0,88;2,03;2,87;3,76;0,28;2,24;2,17;3,45;1,87;1,15;2,67;2,51;2,93;1,33;4,64;1,02;2,66;0,46;2,07;5,07;0,53
277;0;1,15;1,99;2,88;4,19;2,24;2,17;3,45;1,87;1,12;2,67;2,51;2,93;1,33;2,48;1,02;2,66;0,46;2,07;2,34;4,93;-4,57
278;0;0,84;1,73;3,04;3,78;2,17;3,45;1,87;1,12;0,02;2,51;2,93;1,33;2,48;2,58;2,66;0,46;2,07;2,34;4,79;4,85;-3,3
279;0;0,89;2,2;2,94;4,01;3,45;1,87;1,12;0,02;3,09;2,93;1,33;2,48;2,58;1,41;0,46;2,07;2,34;4,79;4,83;5;1,89
280;0;1,31;2,05;3,12;4,11;1,87;1,12;0,02;3,09;1,87;1,33;2,48;2,58;1,41;1,45;2,07;2,34;4,79;4,83;4,8;5,2;0,31
281;0;0,74;1,81;2,8;3,89;1,12;0,02;3,09;1,87;2,54;2,48;2,58;1,41;1,45;3,61;2,34;4,79;4,83;4,8;3,89;4,99;-9,02
282;0;1,07;2,06;3,15;4,25;0,02;3,09;1,87;2,54;4,28;2,58;1,41;1,45;3,61;0,89;4,79;4,83;4,8;3,89;1,86;4,94;9,95
283;0;0,99;2,08;3,18;3,87;3,09;1,87;2,54;4,28;4,85;1,41;1,45;3,61;0,89;2,96;4,83;4,8;3,89;1,86;4,2;5,02;4,09
284;0;1,09;2,19;2,88;4,03;1,87;2,54;4,28;4,85;1,53;1,45;3,61;0,89;2,96;0,97;4,8;3,89;1,86;4,2;3,05;5,02;1,43
285;0;1,1;1,79;2,94;3,93;2,54;4,28;4,85;1,53;4,73;3,61;0,89;2,96;0,97;0,96;3,89;1,86;4,2;3,05;1,88;5,02;12,12
286;0;0,69;1,84;2,83;3,92;4,28;4,85;1,53;4,73;4,87;0,89;2,96;0,97;0,96;2,46;1,86;4,2;3,05;1,88;2,43;4,77;2,98
287;0;1,15;2,14;3,23;4,08;4,85;1,53;4,73;4,87;0,7;2,96;0,97;0,96;2,46;2,51;4,2;3,05;1,88;2,43;4,79;4,99;-3,4
288;0;0,99;2,08;2,93;3,84;1,53;4,73;4,87;0,7;0,48;0,97;0,96;2,46;2,51;2,76;3,05;1,88;2,43;4,79;0,67;4,91;-5,52
289;0;1,09;1,94;2,85;3,92;4,73;4,87;0,7;0,48;3,68;0,96;2,46;2,51;2,76;1,2;1,88;2,43;4,79;0,67;1,42;4,91;5,44
290;0;0,85;1,76;2,83;3,82;4,87;0,7;0,48;3,68;1,09;2,46;2,51;2,76;1,2;3,5;2,43;4,79;0,67;1,42;1,31;4,94;-8,97
291;0;0,91;1,98;2,97;4,09;0,7;0,48;3,68;1,09;1,66;2,51;2,76;1,2;3,5;3,36;4,79;0,67;1,42;1,31;3,11;5,15;-8,99
292;0;1,07;2,06;3,18;4,24;0,48;3,68;1,09;1,66;3,48;2,76;1,2;3,5;3,36;2,45;0,67;1,42;1,31;3,11;1,8;5,05;-1,62
293;0;0,99;2,11;3,17;3,98;3,68;1,09;1,66;3,48;3,69;1,2;3,5;3,36;2,45;0,57;1,42;1,31;3,11;1,8;1,65;5,13;5,2
294;0;1,12;2,18;2,99;4,14;1,09;1,66;3,48;3,69;1,55;3,5;3,36;2,45;0,57;0,06;1,31;3,11;1,8;1,65;0,75;5,07;3,43
295;0;1,06;1,87;3,02;3,95;1,66;3,48;3,69;1,55;2,37;3,36;2,45;0,57;0,06;2,08;3,11;1,8;1,65;0,75;3,56;4,92;-1,24
296;0;0,81;1,96;2,89;3,86;3,48;3,69;1,55;2,37;3,48;2,45;0,57;0,06;2,08;4,4;1,8;1,65;0,75;3,56;4,76;4,94;-16,11
297;0;1,15;2,08;3,05;4,13;3,69;1,55;2,37;3,48;3,37;0,57;0,06;2,08;4,4;4,97;1,65;0,75;3,56;4,76;3,81;4,97;-20,83
298;0;0,93;1,9;2,98;3,82;1,55;2,37;3,48;3,37;3,93;0,06;2,08;4,4;4,97;3,94;0,75;3,56;4,76;3,81;4,22;4,84;-7,75
299;0;0,97;2,05;2,89;3,91;2,37;3,48;3,37;3,93;3,44;2,08;4,4;4,97;3,94;4,42;3,56;4,76;3,81;4,22;0,01;5,05;-15,71
300;0;1,08;1,92;2,94;4,08;3,48;3,37;3,93;3,44;1,78;4,4;4,97;3,94;4,42;2,9;4,76;3,81;4,22;0,01;3,95;5,16;-4,28
301;0;0,84;1,86;3;4,08;3,37;3,93;3,44;1,78;3,44;4,97;3,94;4,42;2,9;1;3,81;4,22;0,01;3,95;2,48;4,96;2,17
302;0;1,02;2,16;3,24;4,12;3,93;3,44;1,78;3,44;2,74;3,94;4,42;2,9;1;0,64;4,22;0,01;3,95;2,48;2,56;5,11;3,46
303;0;1,14;2,22;3,1;4,09;3,44;1,78;3,44;2,74;0,34;4,42;2,9;1;0,64;0,42;0,01;3,95;2,48;2,56;2,51;5,11;1,82
304;0;1,08;1,96;2,95;3,97;1,78;3,44;2,74;0,34;2,16;2,9;1;0,64;0,42;1,95;3,95;2,48;2,56;2,51;4,82;5,13;-0,4
305;0;0,88;1,87;2,89;4,05;3,44;2,74;0,34;2,16;0,96;1;0,64;0,42;1,95;3,52;2,48;2,56;2,51;4,82;2,89;4,82;-8,92
306;0;0,99;2,01;3,17;3,94;2,74;0,34;2,16;0,96;4,33;0,64;0,42;1,95;3,52;2,85;2,56;2,51;4,82;2,89;0,91;5,08;1,17
307;0;1,02;2,18;2,95;4,09;0,34;2,16;0,96;4,33;3,25;0,42;1,95;3,52;2,85;0,5;2,51;4,82;2,89;0,91;2,1;4,87;3,8
308;0;1,16;1,93;3,07;3,85;2,16;0,96;4,33;3,25;1,35;1,95;3,52;2,85;0,5;3,93;4,82;2,89;0,91;2,1;1,23;4,92;-12,35
309;0;0,77;1,91;2,69;3,76;0,96;4,33;3,25;1,35;4,17;3,52;2,85;0,5;3,93;0,62;2,89;0,91;2,1;1,23;1,63;4,92;4,45
310;0;1,14;1,92;2,99;4,15;4,33;3,25;1,35;4,17;1,55;2,85;0,5;3,93;0,62;1,96;0,91;2,1;1,23;1,63;3,91;5,05;-1,64
311;0;0,78;1,85;3,01;3,91;3,25;1,35;4,17;1,55;4;0,5;3,93;0,62;1,96;4,74;2,1;1,23;1,63;3,91;4,02;4,88;-17,3
312;0;1,07;2,23;3,13;4,1;1,35;4,17;1,55;4;3,14;3,93;0,62;1,96;4,74;3,35;1,23;1,63;3,91;4,02;4,49;5,11;-7,22
313;0;1,16;2,06;3,03;4,04;4,17;1,55;4;3,14;4,62;0,62;1,96;4,74;3,35;4,37;1,63;3,91;4,02;4,49;0,5;5,09;-8,62
314;0;0,9;1,87;2,88;3,93;1,55;4;3,14;4,62;4,98;1,96;4,74;3,35;4,37;0,17;3,91;4,02;4,49;0,5;1,26;4,89;14,88
315;0;0,97;1,98;3,03;3,99;4;3,14;4,62;4,98;3,43;4,74;3,35;4,37;0,17;4,32;4,02;4,49;0,5;1,26;2,35;4,95;-14,85
316;0;1,01;2,06;3,02;3,98;3,14;4,62;4,98;3,43;4,5;3,35;4,37;0,17;4,32;2,27;4,49;0,5;1,26;2,35;0,97;4,92;0,05
317;0;1,05;2,01;2,97;3,91;4,62;4,98;3,43;4,5;2,9;4,37;0,17;4,32;2,27;2,72;0,5;1,26;2,35;0,97;0,45;5,02;-3,38
318;0;0,96;1,92;2,86;3,97;4,98;3,43;4,5;2,9;3,33;0,17;4,32;2,27;2,72;4,87;1,26;2,35;0,97;0,45;2,17;5,17;-20,68
319;0;0,96;1,9;3,01;4,21;3,43;4,5;2,9;3,33;3,57;4,32;2,27;2,72;4,87;0,96;2,35;0,97;0,45;2,17;0,9;4,94;2,25
320;0;0,94;2,05;3,25;3,98;4,5;2,9;3,33;3,57;0,39;2,27;2,72;4,87;0,96;0,44;0,97;0,45;2,17;0,9;3,21;4,96;1,33
321;0;1,11;2,31;3,04;4,02;2,9;3,33;3,57;0,39;0,38;2,72;4,87;0,96;0,44;1,15;0,45;2,17;0,9;3,21;4,46;5,08;0,62
322;0;1,2;1,93;2,91;3,97;3,33;3,57;0,39;0,38;0,38;4,87;0,96;0,44;1,15;0,98;2,17;0,9;3,21;4,46;1,59;5,08;0,78
323;0;0,73;1,71;2,77;3,88;3,57;0,39;0,38;0,38;1,75;0,96;0,44;1,15;0,98;3,04;0,9;3,21;4,46;1,59;1,55;4,74;-6,39
324;0;0,98;2,04;3,15;4,01;0,39;0,38;0,38;1,75;1,51;0,44;1,15;0,98;3,04;1,11;3,21;4,46;1,59;1,55;3,28;5,02;1,64
325;0;1,06;2,17;3,03;4,04;0,38;0,38;1,75;1,51;0,7;1,15;0,98;3,04;1,11;1,76;4,46;1,59;1,55;3,28;1,83;5,14;-1,73
326;0;1,11;1,97;2,98;4,08;0,38;1,75;1,51;0,7;0,13;0,98;3,04;1,11;1,76;0,66;1,59;1,55;3,28;1,83;4,24;5,12;2,44
327;0;0,86;1,87;2,97;4,01;1,75;1,51;0,7;0,13;3,74;3,04;1,11;1,76;0,66;0,06;1,55;3,28;1,83;4,24;4,46;5,08;2,82
328;0;1,01;2,11;3,15;4,22;1,51;0,7;0,13;3,74;0,34;1,11;1,76;0,66;0,06;2,37;3,28;1,83;4,24;4,46;2,65;5,15;-3,3
329;0;1,1;2,14;3,21;4,14;0,7;0,13;3,74;0,34;4,2;1,76;0,66;0,06;2,37;4,74;1,83;4,24;4,46;2,65;0,38;4,99;-15,1
330;0;1,04;2,11;3,04;3,89;0,13;3,74;0,34;4,2;1,68;0,66;0,06;2,37;4,74;2,44;4,24;4,46;2,65;0,38;4,09;4,85;-3,44
331;0;1,07;2;2,85;3,81;3,74;0,34;4,2;1,68;2,72;0,06;2,37;4,74;2,44;0,6;4,46;2,65;0,38;4,09;0,33;5;2,44
332;0;0,93;1,78;2,74;3,93;0,34;4,2;1,68;2,72;3,82;2,37;4,74;2,44;0,6;0,16;2,65;0,38;4,09;0,33;1,3;4,7;6,6
333;0;0,85;1,81;3;3,77;4,2;1,68;2,72;3,82;3,06;4,74;2,44;0,6;0,16;2,42;0,38;4,09;0,33;1,3;1,88;5,03;-4,06
334;0;0,96;2,15;2,92;4,18;1,68;2,72;3,82;3,06;2,39;2,44;0,6;0,16;2,42;1,58;4,09;0,33;1,3;1,88;0,82;5,09;0,47
335;0;1,19;1,96;3,22;4,13;2,72;3,82;3,06;2,39;0,65;0,6;0,16;2,42;1,58;4,6;0,33;1,3;1,88;0,82;0,91;5,05;-19,07
336;0;0,77;2,03;2,94;3,86;3,82;3,06;2,39;0,65;4,43;0,16;2,42;1,58;4,6;1,91;1,3;1,88;0,82;0,91;3,61;4,93;0,54
337;0;1,26;2,17;3,09;4,16;3,06;2,39;0,65;4,43;0,76;2,42;1,58;4,6;1,91;1,48;1,88;0,82;0,91;3,61;1,22;5,22;0,11
338;0;0,91;1,83;2,9;3,96;2,39;0,65;4,43;0,76;2,79;1,58;4,6;1,91;1,48;2,85;0,82;0,91;3,61;1,22;4,15;4,92;-4,47
339;0;0,92;1,99;3,05;4,01;0,65;4,43;0,76;2,79;4,59;4,6;1,91;1,48;2,85;0,84;0,91;3,61;1,22;4,15;0,13;5,06;3,92
340;0;1,07;2,13;3,09;4,14;4,43;0,76;2,79;4,59;2,7;1,91;1,48;2,85;0,84;1,83;3,61;1,22;4,15;0,13;4,23;4,98;0,34
341;0;1,06;2,02;3,07;3,91;0,76;2,79;4,59;2,7;1,87;1,48;2,85;0,84;1,83;4,11;1,22;4,15;0,13;4,23;4,57;5,02;-15,4
342;0;0,96;2,01;2,85;3,96;2,79;4,59;2,7;1,87;1,19;2,85;0,84;1,83;4,11;1,63;4,15;0,13;4,23;4,57;0,31;4,79;-1,02
343;0;1,05;1,89;3;3,83;4,59;2,7;1,87;1,19;0;0,84;1,83;4,11;1,63;0,59;0,13;4,23;4,57;0,31;0,19;5,12;2,91
344;0;0,84;1,95;2,78;4,07;2,7;1,87;1,19;0;1,27;1,83;4,11;1,63;0,59;4,21;4,23;4,57;0,31;0,19;3,35;4,96;-15,77
345;0;1,11;1,94;3,23;4,12;1,87;1,19;0;1,27;0,54;4,11;1,63;0,59;4,21;1,64;4,57;0,31;0,19;3,35;1;5,24;-1,33
346;0;0,83;2,12;3,01;4,13;1,19;0;1,27;0,54;1,85;1,63;0,59;4,21;1,64;0,02;0,31;0,19;3,35;1;2,63;4,89;3,33
347;0;1,29;2,18;3,3;4,06;0;1,27;0,54;1,85;1,92;0,59;4,21;1,64;0,02;2,63;0,19;3,35;1;2,63;2,25;5,29;-3,21
348;0;0,89;2,01;2,77;4;1,27;0,54;1,85;1,92;4,4;4,21;1,64;0,02;2,63;3,24;3,35;1;2,63;2,25;1,7;4,84;-3,5
349;0;1,12;1,88;3,11;3,95;0,54;1,85;1,92;4,4;1,56;1,64;0,02;2,63;3,24;2,85;1;2,63;2,25;1,7;3,85;5,03;-5,85
350;0;0,76;1,99;2,83;3,91;1,85;1,92;4,4;1,56;3,22;0,02;2,63;3,24;2,85;3,22;2,63;2,25;1,7;3,85;3,6;4,68;-6,32
351;0;1,23;2,07;3,15;3,92;1,92;4,4;1,56;3,22;4,21;2,63;3,24;2,85;3,22;3,65;2,25;1,7;3,85;3,6;4,82;5,13;-6,56
352;0;0,84;1,92;2,69;3,9;4,4;1,56;3,22;4,21;1,35;3,24;2,85;3,22;3,65;4,7;1,7;3,85;3,6;4,82;4,08;4,85;-19,59
353;0;1,08;1,85;3,06;4,01;1,56;3,22;4,21;1,35;1,59;2,85;3,22;3,65;4,7;4,52;3,85;3,6;4,82;4,08;3,32;5,12;-18,08
354;0;0,77;1,98;2,93;4,04;3,22;4,21;1,35;1,59;4,11;3,22;3,65;4,7;4,52;3,5;3,6;4,82;4,08;3,32;4,66;5,07;-4,77
355;0;1,21;2,16;3,27;4,3;4,21;1,35;1,59;4,11;4,99;3,65;4,7;4,52;3,5;4,26;4,82;4,08;3,32;4,66;2,17;5,13;-4,69
356;0;0,95;2,06;3,09;3,92;1,35;1,59;4,11;4,99;4,71;4,7;4,52;3,5;4,26;1,93;4,08;3,32;4,66;2,17;1,99;4,88;9,94
357;0;1,11;2,14;2,97;3,93;1,59;4,11;4,99;4,71;2,43;4,52;3,5;4,26;1,93;2,54;3,32;4,66;2,17;1,99;0,07;5,01;-2,4
358;0;1,03;1,86;2,82;3,9;4,11;4,99;4,71;2,43;3,13;3,5;4,26;1,93;2,54;1,12;4,66;2,17;1,99;0,07;2,74;4,91;1,61
359;0;0,83;1,79;2,87;3,88;4,99;4,71;2,43;3,13;1,61;4,26;1,93;2,54;1,12;3,53;2,17;1,99;0,07;2,74;4,69;4,91;-9,07
360;0;0,96;2,04;3,05;4,08;4,71;2,43;3,13;1,61;4,65;1,93;2,54;1,12;3,53;3,09;1,99;0,07;2,74;4,69;3,14;5,12;-1,94
361;0;1,08;2,09;3,12;4,16;2,43;3,13;1,61;4,65;3,42;2,54;1,12;3,53;3,09;0,23;0,07;2,74;4,69;3,14;3,37;5,07;6,16
362;0;1,01;2,04;3,08;3,99;3,13;1,61;4,65;3,42;3,93;1,12;3,53;3,09;0,23;1,27;2,74;4,69;3,14;3,37;1,42;4,96;4,08
363;0;1,03;2,07;2,98;3,95;1,61;4,65;3,42;3,93;4,08;3,53;3,09;0,23;1,27;4,03;4,69;3,14;3,37;1,42;4,93;5,06;-10,37
364;0;1,04;1,95;2,92;4,03;4,65;3,42;3,93;4,08;1,82;3,09;0,23;1,27;4,03;4,78;3,14;3,37;1,42;4,93;4,64;4,82;-21,19
365;0;0,91;1,88;2,99;3,78;3,42;3,93;4,08;1,82;2,27;0,23;1,27;4,03;4,78;3,11;3,37;1,42;4,93;4,64;1,26;4,98;-6,03
366;0;0,97;2,08;2,87;4,07;3,93;4,08;1,82;2,27;0,94;1,27;4,03;4,78;3,11;4,33;1,42;4,93;4,64;1,26;1,47;4,91;-15,81
367;0;1,11;1,9;3,1;3,94;4,08;1,82;2,27;0,94;3,91;4,03;4,78;3,11;4,33;0,3;4,93;4,64;1,26;1,47;2,28;4,9;4,33
368;0;0,79;1,99;2,83;3,79;1,82;2,27;0,94;3,91;1,61;4,78;3,11;4,33;0,3;2,2;4,64;1,26;1,47;2,28;2,8;4,87;-1,37
369;0;1,2;2,04;3;4,08;2,27;0,94;3,91;1,61;4,67;3,11;4,33;0,3;2,2;1,28;1,26;1,47;2,28;2,8;3,43;5,27;5,52
370;0;0,84;1,8;2,88;4,07;0,94;3,91;1,61;4,67;1,86;4,33;0,3;2,2;1,28;3,18;1,47;2,28;2,8;3,43;2,21;4,97;-7,15
371;0;0,96;2,04;3,23;4,13;3,91;1,61;4,67;1,86;2,79;0,3;2,2;1,28;3,18;2,74;2,28;2,8;3,43;2,21;2,17;5,11;-4,52
372;0;1,08;2,27;3,17;4,15;1,61;4,67;1,86;2,79;3,12;2,2;1,28;3,18;2,74;4,98;2,8;3,43;2,21;2,17;2,73;5,15;-20,25
373;0;1,19;2,09;3,07;4,07;4,67;1,86;2,79;3,12;2,79;1,28;3,18;2,74;4,98;4,79;3,43;2,21;2,17;2,73;3,94;5,14;-19,21
374;0;0,9;1,88;2,88;3,95;1,86;2,79;3,12;2,79;3,86;3,18;2,74;4,98;4,79;4,18;2,21;2,17;2,73;3,94;0,12;5,03;-11,83
375;0;0,98;1,98;3,05;4,13;2,79;3,12;2,79;3,86;3,85;2,74;4,98;4,79;4,18;0,95;2,17;2,73;3,94;0,12;2,45;5,11;6,06
376;0;1;2,07;3,15;4,13;3,12;2,79;3,86;3,85;2,5;4,98;4,79;4,18;0,95;2,96;2,73;3,94;0,12;2,45;2,36;4,87;-7,45
377;0;1,07;2,15;3,13;3,87;2,79;3,86;3,85;2,5;0,28;4,79;4,18;0,95;2,96;2,95;3,94;0,12;2,45;2,36;1,9;5,02;-6,46
378;0;1,08;2,06;2,8;3,95;3,86;3,85;2,5;0,28;2,31;4,18;0,95;2,96;2,95;2,06;0,12;2,45;2,36;1,9;0,25;4,9;-1,91
379;0;0,98;1,72;2,87;3,82;3,85;2,5;0,28;2,31;0,06;0,95;2,96;2,95;2,06;2,6;2,45;2,36;1,9;0,25;2,77;4,81;-4,51
380;0;0,74;1,89;2,84;3,83;2,5;0,28;2,31;0,06;1,16;2,96;2,95;2,06;2,6;0,98;2,36;1,9;0,25;2,77;1,14;4,91;0,12
381;0;1,15;2,1;3,09;4,17;0,28;2,31;0,06;1,16;0,62;2,95;2,06;2,6;0,98;0,47;1,9;0,25;2,77;1,14;0,42;5,23;2,1
382;0;0,95;1,94;3,02;4,08;2,31;0,06;1,16;0,62;1,01;2,06;2,6;0,98;0,47;0,31;0,25;2,77;1,14;0,42;0,86;4,99;1,68
383;0;0,99;2,07;3,13;4,04;0,06;1,16;0,62;1,01;2,44;2,6;0,98;0,47;0,31;4,94;2,77;1,14;0,42;0,86;2,71;4,99;-20,67
384;0;1,08;2,14;3,05;4;1,16;0,62;1,01;2,44;4,26;0,98;0,47;0,31;4,94;3,51;1,14;0,42;0,86;2,71;2,09;5,12;-7,3
385;0;1,06;1,97;2,92;4,04;0,62;1,01;2,44;4,26;4,86;0,47;0,31;4,94;3,51;1,92;0,42;0,86;2,71;2,09;1,6;4,94;5,04
386;0;0,91;1,86;2,98;3,88;1,01;2,44;4,26;4,86;0,2;0,31;4,94;3,51;1,92;4,04;0,86;2,71;2,09;1,6;0,09;4,85;-14,05
387;0;0,95;2,07;2,97;3,94;2,44;4,26;4,86;0,2;3,41;4,94;3,51;1,92;4,04;3,47;2,71;2,09;1,6;0,09;1,7;4,94;-8,34
388;0;1,12;2,02;2,99;3,99;4,26;4,86;0,2;3,41;4,72;3,51;1,92;4,04;3,47;1,13;2,09;1,6;0,09;1,7;0,35;4,91;2,39
389;0;0,9;1,87;2,87;3,79;4,86;0,2;3,41;4,72;4,05;1,92;4,04;3,47;1,13;1,71;1,6;0,09;1,7;0,35;2,02;4,93;0,72
390;0;0,97;1,97;2,89;4,03;0,2;3,41;4,72;4,05;1,8;4,04;3,47;1,13;1,71;4,83;0,09;1,7;0,35;2,02;0,04;4,93;-20,93
391;0;1;1,92;3,06;3,96;3,41;4,72;4,05;1,8;2,97;3,47;1,13;1,71;4,83;0,7;1,7;0,35;2,02;0,04;3,06;4,96;3,27
392;0;0,92;2,06;2,96;3,96;4,72;4,05;1,8;2,97;4,03;1,13;1,71;4,83;0,7;2,65;0,35;2,02;0,04;3,06;1,43;5,04;-4,06
393;0;1,14;2,04;3,04;4,12;4,05;1,8;2,97;4,03;1,51;1,71;4,83;0,7;2,65;1,57;2,02;0,04;3,06;1,43;4,51;5,08;-0,22
394;0;0,9;1,9;2,98;3,94;1,8;2,97;4,03;1,51;4,59;4,83;0,7;2,65;1,57;3,31;0,04;3,06;1,43;4,51;2,95;4,96;-5,78
395;0;1;2,08;3,04;4,06;2,97;4,03;1,51;4,59;3,66;0,7;2,65;1,57;3,31;4,69;3,06;1,43;4,51;2,95;4,03;5,17;-15,12
396;0;1,08;2,04;3,06;4,17;4,03;1,51;4,59;3,66;2,78;2,65;1,57;3,31;4,69;2,92;1,43;4,51;2,95;4,03;1,92;5,02;-3,83
397;0;0,96;1,98;3,09;3,94;1,51;4,59;3,66;2,78;4,25;1,57;3,31;4,69;2,92;1,14;4,51;2,95;4,03;1,92;4,01;4,86;7,3
398;0;1,02;2,13;2,98;3,9;4,59;3,66;2,78;4,25;2,65;3,31;4,69;2,92;1,14;4,08;2,95;4,03;1,92;4,01;2,13;5,22;-13,96
399;0;1,11;1,96;2,88;4,2;3,66;2,78;4,25;2,65;1,44;4,69;2,92;1,14;4,08;4,07;4,03;1,92;4,01;2,13;2,26;5,04;-12,93
400;0;0,85;1,77;3,09;3,93;2,78;4,25;2,65;1,44;3,99;2,92;1,14;4,08;4,07;0,42;1,92;4,01;2,13;2,26;3,93;4,75;4,88
401;0;0,92;2,24;3,08;3,9;4,25;2,65;1,44;3,99;3,76;1,14;4,08;4,07;0,42;1,04;4,01;2,13;2,26;3,93;3,95;4,91;2,78
402;0;1,32;2,16;2,98;3,99;2,65;1,44;3,99;3,76;0,92;4,08;4,07;0,42;1,04;2,51;2,13;2,26;3,93;3,95;0,1;5,11;-3,27
403;0;0,84;1,66;2,67;3,79;1,44;3,99;3,76;0,92;2,77;4,07;0,42;1,04;2,51;1,84;2,26;3,93;3,95;0,1;2,42;4,86;-0,6
404;0;0,82;1,83;2,95;4,02;3,99;3,76;0,92;2,77;2,49;0,42;1,04;2,51;1,84;2,4;3,93;3,95;0,1;2,42;1,34;4,98;-3,68
405;0;1,01;2,13;3,2;4,16;3,76;0,92;2,77;2,49;1,64;1,04;2,51;1,84;2,4;1,71;3,95;0,1;2,42;1,34;3;5,13;-1,3
406;0;1,12;2,19;3,15;4,12;0,92;2,77;2,49;1,64;1,62;2,51;1,84;2,4;1,71;2,5;0,1;2,42;1,34;3;3,66;5,19;-4,57
407;0;1,07;2,03;3;4,07;2,77;2,49;1,64;1,62;2,51;1,84;2,4;1,71;2,5;0,64;2,42;1,34;3;3,66;3,78;5,03;1,85
408;0;0,96;1,93;3;3,96;2,49;1,64;1,62;2,51;1,85;2,4;1,71;2,5;0,64;4,4;1,34;3;3,66;3,78;3,16;4,82;-17,28
409;0;0,97;2,04;3;3,86;1,64;1,62;2,51;1,85;0,58;1,71;2,5;0,64;4,4;4,29;3;3,66;3,78;3,16;1,62;4,96;-14,33
410;0;1,07;2,03;2,89;3,99;1,62;2,51;1,85;0,58;4,94;2,5;0,64;4,4;4,29;0,76;3,66;3,78;3,16;1,62;2,67;4,96;11,9
411;0;0,96;1,82;2,92;3,89;2,51;1,85;0,58;4,94;4,87;0,64;4,4;4,29;0,76;1,77;3,78;3,16;1,62;2,67;0,79;4,93;3
412;0;0,86;1,96;2,93;3,97;1,85;0,58;4,94;4,87;0,45;4,4;4,29;0,76;1,77;4,09;3,16;1,62;2,67;0,79;4,9;4,99;-14,04
413;0;1,1;2,07;3,11;4,13;0,58;4,94;4,87;0,45;0,2;4,29;0,76;1,77;4,09;0,7;1,62;2,67;0,79;4,9;4,93;5,2;1,4
414;0;0,97;2,01;3,03;4,1;4,94;4,87;0,45;0,2;2,16;0,76;1,77;4,09;0,7;5;2,67;0,79;4,9;4,93;2,16;4,96;-21,75
415;0;1,04;2,06;3,13;3,99;4,87;0,45;0,2;2,16;3,47;1,77;4,09;0,7;5;1,63;0,79;4,9;4,93;2,16;3,62;5,16;2,64
416;0;1,02;2,09;2,95;4,12;0,45;0,2;2,16;3,47;3,06;4,09;0,7;5;1,63;0,07;4,9;4,93;2,16;3,62;2,68;5,08;3,14
417;0;1,07;1,93;3,1;4,06;0,2;2,16;3,47;3,06;0,64;0,7;5;1,63;0,07;1,12;4,93;2,16;3,62;2,68;0,01;5,02;2,19
418;0;0,86;2,03;2,99;3,95;2,16;3,47;3,06;0,64;4,62;5;1,63;0,07;1,12;1,13;2,16;3,62;2,68;0,01;2,99;4,89;7,81
419;0;1,17;2,13;3,09;4,03;3,47;3,06;0,64;4,62;4,65;1,63;0,07;1,12;1,13;2,93;3,62;2,68;0,01;2,99;4,04;5,09;-5,61
420;0;0,96;1,92;2,86;3,92;3,06;0,64;4,62;4,65;3,08;0,07;1,12;1,13;2,93;2,49;2,68;0,01;2,99;4,04;0,11;4,78;-3,62
421;0;0,96;1,9;2,96;3,82;0,64;4,62;4,65;3,08;0,25;1,12;1,13;2,93;2,49;3,34;0,01;2,99;4,04;0,11;1,43;4,97;-9,26
422;0;0,94;2;2,86;4,01;4,62;4,65;3,08;0,25;0,27;1,13;2,93;2,49;3,34;1,91;2,99;4,04;0,11;1,43;1,81;4,97;-0,94
423;0;1,06;1,92;3,07;4,03;4,65;3,08;0,25;0,27;4,96;2,93;2,49;3,34;1,91;3,93;4,04;0,11;1,43;1,81;0,56;5,16;-9,9
424;0;0,86;2,01;2,97;4,1;3,08;0,25;0,27;4,96;0,58;2,49;3,34;1,91;3,93;4,45;0,11;1,43;1,81;0,56;4,57;4,94;-17,56
425;0;1,15;2,11;3,24;4,08;0,25;0,27;4,96;0,58;2,12;3,34;1,91;3,93;4,45;0,66;1,43;1,81;0,56;4,57;2,67;5,2;2,05
426;0;0,96;2,09;2,93;4,05;0,27;4,96;0,58;2,12;2,52;1,91;3,93;4,45;0,66;1,04;1,81;0,56;4,57;2,67;1,97;5,05;1,24
427;0;1,13;1,97;3,09;4,09;4,96;0,58;2,12;2,52;1,04;3,93;4,45;0,66;1,04;4,85;0,56;4,57;2,67;1,97;0,31;5,18;-20,85
428;0;0,84;1,96;2,96;4,05;0,58;2,12;2,52;1,04;4,13;4,45;0,66;1,04;4,85;3,35;4,57;2,67;1,97;0,31;1,17;4,89;-5,15
429;0;1,12;2,12;3,21;4,05;2,12;2,52;1,04;4,13;3,1;0,66;1,04;4,85;3,35;3,08;2,67;1,97;0,31;1,17;1,89;5,1;-7,41
430;0;1;2,09;2,93;3,98;2,52;1,04;4,13;3,1;0,56;1,04;4,85;3,35;3,08;3,01;1,97;0,31;1,17;1,89;3,34;4,97;-6,15
431;0;1,09;1,93;2,98;3,97;1,04;4,13;3,1;0,56;0,57;4,85;3,35;3,08;3,01;0,59;0,31;1,17;1,89;3,34;4,41;5,05;1,59
432;0;0,84;1,89;2,88;3,96;4,13;3,1;0,56;0,57;2,41;3,35;3,08;3,01;0,59;2,58;1,17;1,89;3,34;4,41;4,54;4,93;-3,74
433;0;1,05;2,04;3,12;4,09;3,1;0,56;0,57;2,41;4,86;3,08;3,01;0,59;2,58;0,41;1,89;3,34;4,41;4,54;4,85;5,03;13,91
434;0;0,99;2,07;3,04;3,98;0,56;0,57;2,41;4,86;3,21;3,01;0,59;2,58;0,41;3,38;3,34;4,41;4,54;4,85;3,8;4,9;-7,34
435;0;1,08;2,05;2,99;3,91;0,57;2,41;4,86;3,21;3,72;0,59;2,58;0,41;3,38;0,74;4,41;4,54;4,85;3,8;0,65;4,87;5,81
436;0;0,97;1,91;2,83;3,79;2,41;4,86;3,21;3,72;2,04;2,58;0,41;3,38;0,74;4,25;4,54;4,85;3,8;0,65;1,26;4,91;-15,49
437;0;0,94;1,86;2,82;3,94;4,86;3,21;3,72;2,04;3,66;0,41;3,38;0,74;4,25;0,69;4,85;3,8;0,65;1,26;4,94;4,81;1,93
438;0;0,92;1,88;3;3,87;3,21;3,72;2,04;3,66;4,62;3,38;0,74;4,25;0,69;3,06;3,8;0,65;1,26;4,94;0,1;5,09;-4,33
439;0;0,96;2,08;2,95;4,17;3,72;2,04;3,66;4,62;3,77;0,74;4,25;0,69;3,06;0,14;0,65;1,26;4,94;0,1;1;5,01;6,56
440;0;1,12;1,99;3,21;4,05;2,04;3,66;4,62;3,77;4,92;4,25;0,69;3,06;0,14;0,53;1,26;4,94;0,1;1;3,23;5,19;2,41
441;0;0,87;2,09;2,93;4,07;3,66;4,62;3,77;4,92;1,9;0,69;3,06;0,14;0,53;0,07;4,94;0,1;1;3,23;4,47;5,1;3,21
442;0;1,22;2,06;3,2;4,23;4,62;3,77;4,92;1,9;4,26;3,06;0,14;0,53;0,07;0,41;0,1;1;3,23;4,47;3,95;5,13;7,36
443;0;0,84;1,98;3,01;3,91;3,77;4,92;1,9;4,26;3,39;0,14;0,53;0,07;0,41;4,82;1;3,23;4,47;3,95;0,67;4,83;-17,83
444;0;1,14;2,17;3,07;3,99;4,92;1,9;4,26;3,39;4,76;0,53;0,07;0,41;4,82;4,13;3,23;4,47;3,95;0,67;2,98;5,01;-5,73
445;0;1,03;1,93;2,85;3,87;1,9;4,26;3,39;4,76;3,35;0,07;0,41;4,82;4,13;1,07;4,47;3,95;0,67;2,98;1,26;4,94;1,59
446;0;0,9;1,82;2,84;3,91;4,26;3,39;4,76;3,35;4,41;0,41;4,82;4,13;1,07;2,78;3,95;0,67;2,98;1,26;3,66;4,93;0,15
447;0;0,92;1,94;3,01;4,03;3,39;4,76;3,35;4,41;4,95;4,82;4,13;1,07;2,78;2,71;0,67;2,98;1,26;3,66;3,13;5,02;-2,43
448;0;1,02;2,09;3,11;4,1;4,76;3,35;4,41;4,95;0,83;4,13;1,07;2,78;2,71;1,43;2,98;1,26;3,66;3,13;4,25;5,08;0,18
449;0;1,07;2,09;3,08;4,06;3,35;4,41;4,95;0,83;3,63;1,07;2,78;2,71;1,43;2,02;1,26;3,66;3,13;4,25;0,96;5,03;0,9
450;0;1,02;2,01;2,99;3,96;4,41;4,95;0,83;3,63;4,2;2,78;2,71;1,43;2,02;3,11;3,66;3,13;4,25;0,96;3,19;5;-0,39
451;0;0,99;1,97;2,94;3,98;4,95;0,83;3,63;4,2;4,18;2,71;1,43;2,02;3,11;0,67;3,13;4,25;0,96;3,19;1,48;4,91;2,67
452;0;0,98;1,95;2,99;3,92;0,83;3,63;4,2;4,18;4,36;1,43;2,02;3,11;0,67;3,42;4,25;0,96;3,19;1,48;1,06;4,95;-3,62
453;0;0,97;2,01;2,94;3,97;3,63;4,2;4,18;4,36;3,28;2,02;3,11;0,67;3,42;4,76;0,96;3,19;1,48;1,06;3,78;5,09;-20,04
454;0;1,04;1,97;3;4,12;4,2;4,18;4,36;3,28;4,17;3,11;0,67;3,42;4,76;0,09;3,19;1,48;1,06;3,78;4,87;5,06;2,84
455;0;0,93;1,96;3,08;4,02;4,18;4,36;3,28;4,17;0,88;0,67;3,42;4,76;0,09;0,5;1,48;1,06;3,78;4,87;1,81;4,92;2,39
456;0;1,03;2,15;3,09;3,99;4,36;3,28;4,17;0,88;1,14;3,42;4,76;0,09;0,5;3,46;1,06;3,78;4,87;1,81;3,93;5,02;-9,05
457;0;1,12;2,06;2,96;3,99;3,28;4,17;0,88;1,14;3,19;4,76;0,09;0,5;3,46;2,78;3,78;4,87;1,81;3,93;4,45;4,99;-4,16
458;0;0,94;1,84;2,87;3,87;4,17;0,88;1,14;3,19;4,17;0,09;0,5;3,46;2,78;4,53;4,87;1,81;3,93;4,45;2,78;4,95;-13,49
459;0;0,9;1,93;2,93;4,01;0,88;1,14;3,19;4,17;2,86;0,5;3,46;2,78;4,53;3,52;1,81;3,93;4,45;2,78;4,33;5,03;-8,87
460;0;1,03;2,03;3,11;4,13;1,14;3,19;4,17;2,86;0,8;3,46;2,78;4,53;3,52;4,04;3,93;4,45;2,78;4,33;4,55;5,07;-13,87
461;0;1;2,08;3,1;4,04;3,19;4,17;2,86;0,8;1,65;2,78;4,53;3,52;4,04;2,53;4,45;2,78;4,33;4,55;0,46;4,96;-3,24
462;0;1,08;2,1;3,04;3,96;4,17;2,86;0,8;1,65;4,75;4,53;3,52;4,04;2,53;4,55;2,78;4,33;4,55;0,46;0,86;5,06;-7,7
463;0;1,02;1,96;2,88;3,98;2,86;0,8;1,65;4,75;4,18;3,52;4,04;2,53;4,55;3,36;4,33;4,55;0,46;0,86;4,27;4,93;-8,23
464;0;0,94;1,86;2,96;3,91;0,8;1,65;4,75;4,18;1,97;4,04;2,53;4,55;3,36;1,35;4,55;0,46;0,86;4,27;3,52;4,92;0,56
465;0;0,92;2,02;2,97;3,98;1,65;4,75;4,18;1,97;4,07;2,53;4,55;3,36;1,35;2,49;0,46;0,86;4,27;3,52;1,81;5,06;0,32
466;0;1,1;2,05;3,06;4,14;4,75;4,18;1,97;4,07;0,56;4,55;3,36;1,35;2,49;2,45;0,86;4,27;3,52;1,81;0,18;5,19;-3,47
467;0;0,95;1,96;3,04;4,09;4,18;1,97;4,07;0,56;0,67;3,36;1,35;2,49;2,45;1,17;4,27;3,52;1,81;0,18;2,34;4,83;0,66
468;0;1,01;2,09;3,14;3,88;1,97;4,07;0,56;0,67;0,7;1,35;2,49;2,45;1,17;3,93;3,52;1,81;0,18;2,34;2,66;4,96;-14,28
469;0;1,08;2,13;2,87;3,95;4,07;0,56;0,67;0,7;1,12;2,49;2,45;1,17;3,93;3,21;1,81;0,18;2,34;2,66;4,12;4,98;-8,45
470;0;1,05;1,79;2,87;3,9;0,56;0,67;0,7;1,12;1,81;2,45;1,17;3,93;3,21;3,89;0,18;2,34;2,66;4,12;4,37;4,83;-12,72
471;0;0,74;1,82;2,85;3,78;0,67;0,7;1,12;1,81;1,59;1,17;3,93;3,21;3,89;2,33;2,34;2,66;4,12;4,37;4,5;4,77;-2,69
472;0;1,08;2,11;3,04;4,03;0,7;1,12;1,81;1,59;0,87;3,93;3,21;3,89;2,33;4,93;2,66;4,12;4,37;4,5;3,59;5,13;-21,84
473;0;1,03;1,96;2,95;4,05;1,12;1,81;1,59;0,87;3,65;3,21;3,89;2,33;4,93;3,42;4,12;4,37;4,5;3,59;2,14;4,99;-6,5
474;0;0,93;1,92;3,02;3,96;1,81;1,59;0,87;3,65;0,15;3,89;2,33;4,93;3,42;2,15;4,37;4,5;3,59;2,14;2,7;5,1;-2,48